<?xml version="1.0" encoding="utf-8" ?>
<dwsync>
<file name="avatar-1.jpg" server="E:/xampp/htdocs/bime/" local="131545109780000000" remote="131545073780000000" Dst="2" />
<file name="avatar-2.jpg" server="E:/xampp/htdocs/bime/" local="131545109780000000" remote="131545073780000000" Dst="2" />
<file name="avatar-3.jpg" server="E:/xampp/htdocs/bime/" local="131545109820000000" remote="131545073820000000" Dst="2" />
<file name="blog-1.jpg" server="E:/xampp/htdocs/bime/" local="131545109840000000" remote="131545073840000000" Dst="2" />
<file name="blog-2.jpg" server="E:/xampp/htdocs/bime/" local="131545109860000000" remote="131545073860000000" Dst="2" />
<file name="blog-3.jpg" server="E:/xampp/htdocs/bime/" local="131545109860000000" remote="131545073860000000" Dst="2" />
<file name="blog-post-1.jpeg" server="E:/xampp/htdocs/bime/" local="131545109860000000" remote="131545073860000000" Dst="2" />
<file name="blog-post-2.jpg" server="E:/xampp/htdocs/bime/" local="131545109860000000" remote="131545073860000000" Dst="2" />
<file name="blog-post-3.jpeg" server="E:/xampp/htdocs/bime/" local="131545109860000000" remote="131545073860000000" Dst="2" />
<file name="blog-post-4.jpeg" server="E:/xampp/htdocs/bime/" local="131545109860000000" remote="131545073860000000" Dst="2" />
<file name="divider-bg.jpg" server="E:/xampp/htdocs/bime/" local="131545109860000000" remote="131545073860000000" Dst="2" />
<file name="favicon.ico" server="E:/xampp/htdocs/bime/" local="131545109860000000" remote="131545073860000000" Dst="2" />
<file name="featured-pic-1.jpeg" server="E:/xampp/htdocs/bime/" local="131545109860000000" remote="131545073860000000" Dst="2" />
<file name="featured-pic-2.jpeg" server="E:/xampp/htdocs/bime/" local="131545109860000000" remote="131545073860000000" Dst="2" />
<file name="featured-pic-3.jpeg" server="E:/xampp/htdocs/bime/" local="131545109860000000" remote="131545073860000000" Dst="2" />
<file name="gallery-1.jpg" server="E:/xampp/htdocs/bime/" local="131545109860000000" remote="131545073860000000" Dst="2" />
<file name="gallery-2.jpeg" server="E:/xampp/htdocs/bime/" local="131545109860000000" remote="131545073860000000" Dst="2" />
<file name="gallery-2.jpg" server="E:/xampp/htdocs/bime/" local="131545109860000000" remote="131545073860000000" Dst="2" />
<file name="gallery-3.jpg" server="E:/xampp/htdocs/bime/" local="131545109860000000" remote="131545073860000000" Dst="2" />
<file name="gallery-4.jpg" server="E:/xampp/htdocs/bime/" local="131545109860000000" remote="131545073860000000" Dst="2" />
<file name="hero-bg.jpg" server="E:/xampp/htdocs/bime/" local="131545109860000000" remote="131545073860000000" Dst="2" />
<file name="hero.jpg" server="E:/xampp/htdocs/bime/" local="131545109880000000" remote="131545073880000000" Dst="2" />
<file name="logo-white.png" server="E:/xampp/htdocs/bime/" local="131545109860000000" remote="131545073860000000" Dst="2" />
<file name="small-thumbnail-1.jpg" server="E:/xampp/htdocs/bime/" local="131545109860000000" remote="131545073860000000" Dst="2" />
<file name="small-thumbnail-2.jpg" server="E:/xampp/htdocs/bime/" local="131545109880000000" remote="131545073880000000" Dst="2" />
<file name="small-thumbnail-3.jpg" server="E:/xampp/htdocs/bime/" local="131545109880000000" remote="131545073880000000" Dst="2" />
<file name="template-mac.png" server="E:/xampp/htdocs/bime/" local="131545109920000000" remote="131545073920000000" Dst="2" />
<file name="user.svg" server="E:/xampp/htdocs/bime/" local="131545109860000000" remote="131545073860000000" Dst="2" />
<file name="page1_pic1.jpg" server="E:/xampp/htdocs/" local="131792385734539217" remote="131792385730000000" Dst="2" />
<file name="page1_pic2.jpg" server="E:/xampp/htdocs/" local="131792389941346731" remote="131792389940000000" Dst="2" />
<file name="page1_pic3.jpg" server="E:/xampp/htdocs/" local="131792400470726603" remote="131792400470000000" Dst="2" />
<file name="slide31169x421.jpg" server="E:/xampp/htdocs/" local="131790462992989048" remote="131790462990000000" Dst="2" />
<file name="slide21169x421.jpg" server="E:/xampp/htdocs/" local="131790462886020235" remote="131790462880000000" Dst="2" />
<file name="slide11169x421.jpg" server="E:/xampp/htdocs/" local="131790459672063057" remote="131790459670000000" Dst="2" />
<file name="porf-1.jpg" server="E:/xampp/htdocs/" local="131396580200000000" remote="131396580200000000" Dst="2" />
<file name="porf-2.jpg" server="E:/xampp/htdocs/" local="131396580200000000" remote="131396580200000000" Dst="2" />
<file name="porf-3.jpg" server="E:/xampp/htdocs/" local="131396580200000000" remote="131396580200000000" Dst="2" />
<file name="porf-4.jpg" server="E:/xampp/htdocs/" local="131396580200000000" remote="131396580200000000" Dst="2" />
<file name="porf-5.jpg" server="E:/xampp/htdocs/" local="131396580200000000" remote="131396580200000000" Dst="2" />
<file name="porf-6.jpg" server="E:/xampp/htdocs/" local="131396580200000000" remote="131396580200000000" Dst="2" />
<file name="porf-7.jpg" server="E:/xampp/htdocs/" local="131396580200000000" remote="131396580200000000" Dst="2" />
<file name="porf-8.jpg" server="E:/xampp/htdocs/" local="131396580200000000" remote="131396580200000000" Dst="2" />
</dwsync>